<?xml version="1.0" encoding="UTF-8"?>
<project xmlns="http://www.netbeans.org/ns/project/1">
    <type>org.netbeans.modules.web.clientproject</type>
    <configuration>
        <data xmlns="http://www.netbeans.org/ns/clientside-project/1">
            <name>WebAssignment(GitHub Version)</name>
        </data>
        <spellchecker-wordlist xmlns="http://www.netbeans.org/ns/spellchecker-wordlist/1">
            <word>AJAX</word>
            <word>CSS</word>
            <word>LinkedIn</word>
            <word>TheGuardian</word>
            <word>Witman</word>
            <word>Wordpress</word>
            <word>www</word>
        </spellchecker-wordlist>
    </configuration>
</project>
